i,name,h_amb,h_cold,amb_center,cold_center,amb_km,cold_km
0,D1,122.0,71.0,C1,C3,47.1,39.0
1,D2,167.0,77.0,C5,C5,25.8,25.8
2,D3,134.0,62.0,C3,C3,49.4,49.4
3,D4,161.0,111.0,C4,C4,35.5,35.5
4,D5,165.0,101.0,C2,C2,37.9,37.9
5,D6,141.0,66.0,C1,C2,53.9,39.3
6,D7,160.0,112.0,C95,C95,27.2,27.2
7,D8,167.0,82.0,C118,C120,17.5,13.5
8,D9,18.0,11.0,C3,C3,30.8,30.8
9,D10,6.0,4.0,C33,C120,15.1,13.0
10,D11,12.0,6.0,C4,C4,16.8,16.8
11,D12,15.0,9.0,C79,C76,20.8,52.0
12,D13,23.0,16.0,C2,C2,3.5,3.5
13,D14,17.0,11.0,C5,C5,20.3,20.3
14,D15,24.0,11.0,C120,C120,25.6,25.6
15,D16,22.0,13.0,C3,C3,50.4,50.4
16,D17,17.0,9.0,C118,C120,40.1,34.2
17,D18,24.0,11.0,C3,C3,23.3,23.3
18,D19,22.0,9.0,C33,C121,45.3,47.5
19,D20,26.0,14.0,C33,C120,34.3,34.2
20,D21,9.0,5.0,C1,C3,40.8,33.6
21,D22,12.0,6.0,C5,C5,26.8,26.8
22,D23,13.0,7.0,C95,C95,56.2,56.2
23,D24,23.0,12.0,C5,C5,6.6,6.6
24,D25,23.0,16.0,C33,C121,30.7,32.8
25,D26,16.0,9.0,C1,C95,68.0,66.7
26,D27,18.0,8.0,C33,C121,21.4,23.5
27,D28,14.0,7.0,C70,C70,21.9,21.9
28,D29,9.0,7.0,C1,C5,25.0,27.0
29,D30,8.0,5.0,C155,C155,18.1,18.1
30,D31,12.0,8.0,C4,C4,18.8,18.8
31,D32,19.0,10.0,C70,C3,26.7,46.7
32,D33,15.0,7.0,C118,C120,28.7,24.8
33,D34,10.0,5.0,C1,C5,24.9,26.4
34,D35,15.0,8.0,C1,C95,79.9,77.9
35,D36,21.0,14.0,C95,C95,47.6,47.6
36,D37,23.0,14.0,C95,C95,38.4,38.4
37,D38,12.0,6.0,C1,C95,62.8,61.0
38,D39,23.0,12.0,C33,C121,39.4,41.7
39,D40,25.0,12.0,C70,C70,13.8,13.8
40,D41,24.0,16.0,C1,C5,38.7,40.6
41,D42,7.0,3.0,C1,C121,66.3,58.1
42,D43,23.0,11.0,C33,C121,51.2,53.5
43,D44,18.0,9.0,C33,C5,40.3,39.2
44,D45,15.0,7.0,C4,C4,47.3,47.3
45,D46,26.0,12.0,C5,C5,22.2,22.2
46,D47,9.0,5.0,C3,C3,23.0,23.0
47,D48,12.0,8.0,C33,C120,40.0,25.8
48,D49,8.0,4.0,C120,C120,33.6,33.6
49,D50,21.0,12.0,C5,C5,23.5,23.5
50,D51,9.0,5.0,C120,C120,5.7,5.7
51,D52,22.0,10.0,C95,C95,33.7,33.7
52,D53,20.0,10.0,C4,C4,1.2,1.2
53,D54,14.0,6.0,C95,C95,54.1,54.1
54,D55,11.0,8.0,C5,C5,12.6,12.6
55,D56,18.0,12.0,C33,C5,47.1,25.4
56,D57,14.0,7.0,C155,C155,7.9,7.9
57,D58,24.0,14.0,C70,C70,16.2,16.2
58,D59,20.0,14.0,C1,C5,12.7,15.5
59,D60,12.0,6.0,C126,C121,48.3,54.1
60,D61,15.0,8.0,C126,C121,42.1,47.6
61,D62,17.0,13.0,C33,C120,45.0,45.2
62,D63,18.0,12.0,C33,C121,29.6,31.9
63,D64,11.0,7.0,C1,C5,8.5,13.1
64,D65,13.0,7.0,C118,C120,39.7,32.2
65,D66,21.0,12.0,C1,C95,37.8,35.3
66,D67,15.0,10.0,C5,C5,20.2,20.2
67,D68,11.0,7.0,C4,C4,36.6,36.6
68,D69,26.0,11.0,C74,C76,6.2,54.1
69,D70,7.0,4.0,C1,C2,66.1,49.1
70,D71,25.0,12.0,C95,C95,29.4,29.4
71,D72,10.0,6.0,C118,C120,23.6,19.0
72,D73,14.0,6.0,C79,C70,26.1,15.1
73,D74,19.0,11.0,C155,C155,33.0,33.0
74,D75,12.0,6.0,C2,C2,38.5,38.5
75,D76,14.0,8.0,C1,C3,41.3,32.4
76,D77,21.0,12.0,C33,C4,58.4,17.8
77,D78,12.0,6.0,C95,C95,46.6,46.6
78,D79,24.0,16.0,C72,C72,7.6,7.6
79,D80,17.0,8.0,C2,C2,27.0,27.0
80,D81,20.0,13.0,C33,C120,44.5,29.7
81,D82,25.0,14.0,C1,C2,70.2,54.9
82,D83,12.0,7.0,C95,C95,36.9,36.9
83,D84,16.0,10.0,C5,C5,12.6,12.6
84,D85,20.0,14.0,C1,C5,23.0,25.3
85,D86,11.0,7.0,C33,C4,63.1,33.6
86,D87,13.0,9.0,C1,C95,63.8,61.1
87,D88,16.0,10.0,C3,C5,37.6,54.4
88,D89,8.0,4.0,C33,C121,19.9,22.1
89,D90,21.0,12.0,C155,C155,22.6,22.6
90,D91,18.0,10.0,C76,C155,53.3,44.8
91,D92,9.0,5.0,C5,C5,24.4,24.4
92,D93,12.0,8.0,C1,C5,46.8,48.5
93,D94,25.0,14.0,C1,C2,45.4,28.8
94,D95,21.0,13.0,C2,C2,39.1,39.1
95,D96,19.0,9.0,C3,C3,35.7,35.7
96,D97,16.0,11.0,C1,C95,81.4,79.1
97,D98,8.0,5.0,C120,C120,19.5,19.5
98,D99,20.0,9.0,C1,C95,67.6,65.2
99,D100,20.0,12.0,C95,C95,38.2,38.2
100,D101,10.0,7.0,C1,C95,59.6,57.4
101,D102,23.0,12.0,C74,C70,7.2,11.9
102,D103,207.0,78.0,C112,C97,61.3,124.0
103,D104,201.0,84.0,C107,C105,48.0,70.5
104,D105,199.0,90.0,C102,C19,44.5,41.1
105,D106,133.0,69.0,C107,C97,64.2,44.3
106,D107,187.0,69.0,C80,C119,25.9,70.0
107,D108,174.0,85.0,C99,C19,54.4,69.0
108,D109,17.0,8.0,C99,C146,105.3,127.9
109,D110,20.0,8.0,C18,C20,43.2,49.7
110,D111,8.0,3.0,C18,C18,69.2,69.2
111,D112,18.0,9.0,C99,C105,42.0,67.2
112,D113,26.0,12.0,C26,C97,9.4,81.6
113,D114,21.0,9.0,C20,C20,63.2,63.2
114,D115,13.0,5.0,C20,C20,16.2,16.2
115,D116,7.0,3.0,C99,C19,67.5,68.8
116,D117,8.0,4.0,C119,C119,10.2,10.2
117,D118,18.0,7.0,C26,C97,58.3,124.8
118,D119,16.0,9.0,C99,C19,76.9,83.5
119,D120,17.0,6.0,C18,C18,44.6,44.6
120,D121,22.0,12.0,C99,C20,62.3,87.3
121,D122,27.0,10.0,C26,C97,29.0,88.9
122,D123,18.0,9.0,C19,C20,27.1,31.9
123,D124,7.0,4.0,C18,C20,8.4,5.3
124,D125,17.0,7.0,C44,C20,20.3,56.5
125,D126,21.0,8.0,C112,C97,31.6,91.3
126,D127,19.0,8.0,C140,C18,52.9,106.6
127,D128,23.0,14.0,C99,C20,24.3,41.9
128,D129,15.0,6.0,C18,C18,30.0,30.0
129,D130,20.0,8.0,C19,C19,40.7,40.7
130,D131,25.0,12.0,C99,C20,68.1,85.2
131,D132,11.0,5.0,C61,C135,51.2,102.5
132,D133,9.0,5.0,C97,C97,17.0,17.0
133,D134,17.0,9.0,C61,C135,51.8,102.8
134,D135,20.0,9.0,C18,C18,58.4,58.4
135,D136,21.0,11.0,C20,C20,42.5,42.5
136,D137,24.0,9.0,C99,C20,32.4,56.9
137,D138,26.0,12.0,C97,C97,57.6,57.6
138,D139,19.0,10.0,C99,C20,19.8,44.3
139,D140,7.0,3.0,C20,C20,28.1,28.1
140,D141,25.0,9.0,C112,C97,43.4,103.5
141,D142,25.0,13.0,C112,C18,24.9,93.5
142,D143,13.0,8.0,C97,C97,48.7,48.7
143,D144,20.0,8.0,C107,C105,36.5,59.2
144,D145,21.0,10.0,C97,C97,48.0,48.0
145,D146,25.0,13.0,C18,C18,40.2,40.2
146,D147,10.0,4.0,C107,C105,40.5,59.8
147,D148,19.0,8.0,C20,C20,53.9,53.9
148,D149,26.0,12.0,C107,C105,50.3,65.2
149,D150,15.0,7.0,C99,C20,72.6,93.6
150,D151,20.0,11.0,C20,C20,47.3,47.3
151,D152,20.0,7.0,C140,C135,45.0,101.8
152,D153,8.0,5.0,C102,C105,8.7,8.1
153,D154,11.0,6.0,C112,C97,27.0,84.7
154,D155,23.0,12.0,C99,C20,64.5,73.8
155,D156,18.0,9.0,C99,C19,63.7,64.4
156,D157,15.0,6.0,C26,C97,24.0,85.6
157,D158,22.0,8.0,C99,C19,71.0,69.7
158,D159,15.0,8.0,C119,C119,2.9,2.9
159,D160,22.0,11.0,C26,C97,17.0,92.2
160,D161,16.0,8.0,C44,C20,25.9,51.7
161,D162,25.0,9.0,C99,C20,59.2,73.1
162,D163,11.0,5.0,C20,C20,33.3,33.3
163,D164,24.0,10.0,C119,C119,10.9,10.9
164,D165,21.0,9.0,C99,C105,31.2,56.5
165,D166,24.0,14.0,C140,C135,51.5,110.3
166,D167,19.0,8.0,C99,C20,62.3,90.6
167,D168,22.0,13.0,C107,C105,21.0,29.0
168,D169,17.0,8.0,C102,C105,3.4,11.9
169,D170,10.0,6.0,C97,C105,29.9,32.1
170,D171,14.0,7.0,C112,C97,37.3,102.6
171,D172,20.0,12.0,C18,C18,75.3,75.3
172,D173,24.0,12.0,C119,C119,28.5,28.5
173,D174,10.0,4.0,C26,C97,28.4,111.0
174,D175,9.0,4.0,C107,C105,35.8,58.4
175,D176,8.0,4.0,C97,C105,27.1,30.5
176,D177,18.0,8.0,C19,C19,16.2,16.2
177,D178,16.0,7.0,C44,C38,16.8,37.4
178,D179,15.0,8.0,C38,C38,15.7,15.7
179,D180,23.0,8.0,C97,C105,16.1,19.1
180,D181,172.0,43.0,C127,C121,3.5,40.1
181,D182,184.0,50.0,C117,C35,6.9,16.9
182,D183,159.0,27.0,C34,C35,25.5,18.0
183,D184,194.0,40.0,C116,C121,20.3,32.0
184,D185,34.0,7.0,C44,C35,59.4,50.6
185,D186,26.0,8.0,C34,C35,6.3,14.0
186,D187,11.0,3.0,C72,C72,19.5,19.5
187,D188,20.0,4.0,C33,C121,5.4,7.7
188,D189,15.0,4.0,C72,C155,23.0,30.2
189,D190,25.0,6.0,C44,C19,7.7,68.5
190,D191,20.0,5.0,C118,C120,47.3,40.0
191,D192,23.0,5.0,C126,C121,30.9,37.9
192,D193,18.0,5.0,C38,C38,26.3,26.3
193,D194,25.0,6.0,C34,C35,27.2,21.0
194,D195,20.0,4.0,C44,C38,27.6,25.7
195,D196,30.0,7.0,C115,C5,17.8,70.9
196,D197,12.0,3.0,C44,C38,11.8,40.7
197,D198,17.0,4.0,C33,C121,47.7,50.0
198,D199,13.0,3.0,C38,C38,25.9,25.9
199,D200,25.0,6.0,C115,C4,34.7,56.4
200,D201,10.0,2.0,C38,C38,23.4,23.4
201,D202,15.0,3.0,C72,C72,20.1,20.1
202,D203,17.0,5.0,C116,C121,54.3,65.0
203,D204,30.0,9.0,C35,C35,15.2,15.2
204,D205,19.0,4.0,C117,C35,29.5,44.1
205,D206,9.0,3.0,C126,C121,20.1,27.1
206,D207,31.0,8.0,C44,C38,5.6,55.7
207,D208,10.0,2.0,C117,C35,17.3,29.6
208,D209,11.0,3.0,C35,C35,14.8,14.8
209,D210,17.0,5.0,C34,C35,10.4,12.5
210,D211,11.0,2.0,C115,C121,32.4,68.1
211,D212,29.0,5.0,C72,C72,28.9,28.9
212,D213,22.0,6.0,C38,C38,26.1,26.1
213,D214,18.0,5.0,C120,C120,18.7,18.7
214,D215,8.0,2.0,C118,C120,4.3,4.8
215,D216,23.0,5.0,C117,C35,5.6,20.1
216,D217,25.0,5.0,C126,C35,57.7,79.2
217,D218,9.0,2.0,C33,C120,21.6,16.8
218,D219,18.0,4.0,C141,C35,49.4,50.0
219,D220,28.0,5.0,C116,C121,15.0,22.0
220,D221,25.0,5.0,C117,C35,1.9,13.0
221,D222,26.0,7.0,C34,C35,28.3,21.8
222,D223,33.0,7.0,C126,C120,42.8,57.0
223,D224,11.0,3.0,C116,C121,35.8,47.1
224,D225,32.0,8.0,C54,C129,68.7,116.7
225,D226,18.0,5.0,C126,C120,26.3,42.9
226,D227,10.0,2.0,C38,C38,17.3,17.3
227,D228,14.0,4.0,C117,C35,16.2,30.6
228,D229,247.0,58.0,C61,C50,27.0,72.2
229,D230,199.0,30.0,C51,C52,9.9,15.0
230,D231,149.0,41.0,C129,C129,9.2,9.2
231,D232,16.0,3.0,C52,C52,1.9,1.9
232,D233,26.0,4.0,C142,C50,20.4,61.8
233,D234,17.0,4.0,C54,C50,76.7,69.9
234,D235,21.0,4.0,C142,C50,9.3,71.8
235,D236,15.0,3.0,C54,C50,61.8,69.3
236,D237,31.0,6.0,C141,C19,36.8,91.0
237,D238,27.0,4.0,C141,C129,25.2,67.0
238,D239,13.0,2.0,C54,C129,48.0,78.5
239,D240,13.0,2.0,C49,C50,65.6,76.1
240,D241,27.0,7.0,C141,C35,32.3,63.7
241,D242,11.0,3.0,C141,C129,12.9,50.6
242,D243,26.0,6.0,C49,C50,43.3,42.2
243,D244,12.0,2.0,C49,C50,56.8,64.0
244,D245,16.0,4.0,C129,C129,45.0,45.0
245,D246,9.0,3.0,C50,C50,45.8,45.8
246,D247,17.0,3.0,C54,C129,26.1,62.6
247,D248,9.0,2.0,C49,C50,59.5,55.7
248,D249,14.0,2.0,C141,C51,36.5,56.9
249,D250,16.0,2.0,C49,C135,62.5,76.1
250,D251,20.0,5.0,C135,C135,16.7,16.7
251,D252,31.0,5.0,C54,C52,17.8,81.0
252,D253,32.0,7.0,C129,C52,28.8,32.6
253,D254,30.0,6.0,C54,C52,37.3,102.4
254,D255,25.0,4.0,C141,C129,29.9,70.4
255,D256,15.0,4.0,C54,C129,35.1,69.1
256,D257,29.0,5.0,C141,C129,6.2,48.9
257,D258,33.0,7.0,C49,C50,60.3,68.5
258,D259,28.0,6.0,C49,C50,61.7,62.1
259,D260,31.0,8.0,C49,C50,53.4,61.5
260,D261,30.0,5.0,C49,C135,24.8,23.3
261,D262,18.0,3.0,C54,C50,70.4,69.9
262,D263,31.0,6.0,C141,C129,25.1,72.6
263,D264,32.0,6.0,C141,C129,19.0,51.3
264,D265,18.0,4.0,C142,C50,7.7,68.6
265,D266,20.0,3.0,C54,C129,36.8,94.7
266,D267,34.0,6.0,C129,C129,18.1,18.1
267,D268,16.0,2.0,C50,C50,33.6,33.6
268,D269,13.0,3.0,C49,C135,39.3,46.0
269,D270,19.0,3.0,C54,C52,21.1,70.0
270,D271,177.0,62.0,C79,C76,16.9,47.6
271,D272,158.0,54.0,C78,C146,19.1,58.4
272,D273,12.0,2.0,C76,C76,29.5,29.5
273,D274,13.0,3.0,C69,C69,50.4,50.4
274,D275,27.0,6.0,C160,C76,56.0,109.4
275,D276,19.0,4.0,C65,C76,38.9,29.7
276,D277,30.0,7.0,C159,C119,71.1,60.3
277,D278,8.0,2.0,C159,C146,40.1,47.3
278,D279,27.0,6.0,C159,C76,28.4,24.3
279,D280,11.0,2.0,C69,C76,40.1,31.7
280,D281,9.0,2.0,C38,C119,31.3,25.2
281,D282,9.0,3.0,C80,C119,21.4,102.6
282,D283,11.0,3.0,C69,C76,71.1,101.5
283,D284,23.0,7.0,C38,C38,23.7,23.7
284,D285,8.0,1.0,C69,C76,30.9,40.8
285,D286,19.0,6.0,C159,C69,18.2,33.1
286,D287,29.0,8.0,C69,C76,48.3,79.7
287,D288,23.0,6.0,C65,C146,2.4,9.2
288,D289,24.0,6.0,C160,C69,27.2,75.0
289,D290,9.0,3.0,C69,C70,31.6,76.7
290,D291,14.0,5.0,C65,C146,35.3,32.6
291,D292,15.0,4.0,C159,C72,37.6,35.7
292,D293,25.0,9.0,C69,C69,33.8,33.8
293,D294,31.0,7.0,C159,C72,59.1,41.2
294,D295,22.0,6.0,C72,C72,11.6,11.6
295,D296,13.0,3.0,C65,C69,21.6,26.6
296,D297,33.0,6.0,C69,C69,34.4,34.4
297,D298,23.0,6.0,C160,C69,30.4,43.3
298,D299,19.0,6.0,C65,C76,42.5,20.6
299,D300,25.0,7.0,C65,C76,66.1,44.2
300,D301,19.0,12.0,C72,C72,10.9,10.9
301,D302,21.0,10.0,C70,C70,18.9,18.9
302,D303,12.0,8.0,C118,C120,37.6,30.5
303,D304,12.0,8.0,C33,C5,46.8,28.3
304,D305,13.0,8.0,C116,C4,67.6,43.3
305,D306,111.0,52.0,C1,C95,45.9,44.4
306,D307,14.0,7.0,C1,C2,58.7,43.9
307,D308,122.0,71.0,C155,C155,45.4,45.4
308,D309,27.0,14.0,C70,C70,8.2,8.2
309,D310,15.0,9.0,C1,C2,72.2,56.2
310,D311,11.0,6.0,C33,C120,47.8,33.2
311,D312,18.0,11.0,C4,C4,8.9,8.9
312,D313,15.0,10.0,C95,C95,50.7,50.7
313,D314,14.0,7.0,C72,C72,20.1,20.1
314,D315,107.0,63.0,C3,C3,38.2,38.2
315,D316,10.0,5.0,C119,C120,55.3,33.0
316,D317,22.0,13.0,C3,C3,58.9,58.9
317,D318,24.0,17.0,C1,C5,23.5,25.4
318,D319,21.0,9.0,C1,C95,73.5,70.3
319,D320,14.0,9.0,C1,C5,12.7,15.5
320,D321,18.0,10.0,C5,C5,18.9,18.9
321,D322,9.0,5.0,C126,C121,40.4,46.1
322,D323,18.0,11.0,C95,C95,39.5,39.5
323,D324,148.0,68.0,C118,C120,38.1,33.5
324,D325,26.0,17.0,C95,C95,55.2,55.2
325,D326,11.0,6.0,C2,C2,29.7,29.7
326,D327,19.0,11.0,C155,C155,28.6,28.6
327,D328,14.0,6.0,C1,C2,41.0,24.6
328,D329,31.0,21.0,C1,C5,46.0,47.8
329,D330,25.0,14.0,C155,C155,16.1,16.1
330,D331,14.0,9.0,C4,C4,20.0,20.0
331,D332,5.0,3.0,C33,C121,8.8,10.8
332,D333,25.0,10.0,C126,C121,50.0,55.2
333,D334,17.0,7.0,C70,C70,9.6,9.6
334,D335,25.0,10.0,C70,C70,5.3,5.3
335,D336,19.0,9.0,C5,C5,19.8,19.8
336,D337,95.0,56.0,C1,C3,39.0,30.9
337,D338,28.0,12.0,C76,C76,49.8,49.8
338,D339,22.0,14.0,C5,C5,24.0,24.0
339,D340,16.0,10.0,C95,C95,46.4,46.4
340,D341,17.0,12.0,C1,C95,84.8,81.9
341,D342,27.0,13.0,C5,C5,26.5,26.5
342,D343,17.0,10.0,C76,C146,51.4,78.1
343,D344,199.0,92.0,C5,C5,25.9,25.9
344,D345,7.0,4.0,C1,C72,64.5,111.9
345,D346,199.0,138.0,C4,C4,36.9,36.9
346,D347,21.0,12.0,C2,C2,34.5,34.5
347,D348,18.0,10.0,C155,C155,24.0,24.0
348,D349,22.0,10.0,C126,C121,49.6,55.5
349,D350,14.0,7.0,C2,C2,26.2,26.2
350,D351,11.0,6.0,C118,C120,10.0,3.8
351,D352,13.0,7.0,C70,C70,21.2,21.2
352,D353,9.0,6.0,C120,C120,30.3,30.3
353,D354,9.0,5.0,C33,C5,53.6,33.3
354,D355,21.0,12.0,C5,C5,17.7,17.7
355,D356,22.0,15.0,C72,C5,43.9,42.2
356,D357,21.0,15.0,C33,C121,27.3,29.5
357,D358,15.0,7.0,C95,C95,40.1,40.1
358,D359,16.0,9.0,C1,C95,43.4,39.7
359,D360,96.0,44.0,C3,C3,47.1,47.1
360,D361,19.0,12.0,C1,C5,48.5,50.0
361,D362,31.0,13.0,C74,C72,7.0,66.5
362,D363,26.0,14.0,C33,C120,31.2,28.3
363,D364,8.0,6.0,C5,C5,8.7,8.7
364,D365,15.0,7.0,C76,C70,55.3,13.1
365,D366,13.0,9.0,C126,C121,18.3,24.0
366,D367,9.0,6.0,C79,C69,33.8,91.4
367,D368,13.0,6.0,C74,C70,16.2,16.8
368,D369,27.0,14.0,C5,C5,7.3,7.3
369,D370,16.0,9.0,C72,C72,23.8,23.8
370,D371,19.0,13.0,C33,C121,31.9,34.2
371,D372,17.0,11.0,C118,C120,35.0,28.7
372,D373,123.0,85.0,C126,C4,68.7,42.8
373,D374,10.0,5.0,C118,C120,38.4,31.8
374,D375,9.0,5.0,C118,C120,16.0,11.8
375,D376,16.0,9.0,C3,C3,50.4,50.4
376,D377,8.0,5.0,C33,C120,32.2,23.4
377,D378,27.0,13.0,C74,C70,13.9,20.6
378,D379,21.0,14.0,C118,C120,36.5,30.3
379,D380,16.0,9.0,C5,C5,23.7,23.7
380,D381,18.0,9.0,C1,C2,42.1,25.9
381,D382,28.0,20.0,C3,C3,4.4,4.4
382,D383,15.0,12.0,C33,C5,49.1,31.5
383,D384,26.0,15.0,C5,C5,22.2,22.2
384,D385,17.0,11.0,C3,C3,46.1,46.1
385,D386,14.0,9.0,C1,C95,59.6,57.9
386,D387,17.0,12.0,C3,C3,16.3,16.3
387,D388,26.0,15.0,C70,C70,7.7,7.7
388,D389,12.0,7.0,C1,C72,39.3,52.2
389,D390,17.0,9.0,C126,C121,53.0,58.7
390,D391,28.0,16.0,C1,C2,61.0,45.9
391,D392,24.0,11.0,C3,C3,33.3,33.3
392,D393,4.0,3.0,C34,C120,43.3,15.0
393,D394,23.0,11.0,C4,C4,28.3,28.3
394,D395,11.0,8.0,C1,C95,66.9,63.4
395,D396,15.0,8.0,C95,C95,48.2,48.2
396,D397,9.0,5.0,C95,C95,60.6,60.6
397,D398,25.0,14.0,C5,C5,24.4,24.4
398,D399,31.0,15.0,C70,C70,4.5,4.5
399,D400,17.0,9.0,C5,C5,24.6,24.6
400,D401,17.0,9.0,C33,C121,40.9,43.2
401,D402,8.0,5.0,C118,C120,27.9,21.9
402,D403,22.0,9.0,C49,C18,88.7,102.2
403,D404,8.0,4.0,C97,C105,33.4,37.5
404,D405,27.0,14.0,C20,C20,33.9,33.9
405,D406,23.0,10.0,C99,C105,34.9,60.2
406,D407,26.0,10.0,C107,C105,38.6,61.5
407,D408,7.0,3.0,C140,C18,59.7,73.7
408,D409,22.0,10.0,C107,C105,44.3,58.0
409,D410,7.0,4.0,C97,C20,4.6,8.5
410,D411,31.0,16.0,C18,C18,43.1,43.1
411,D412,19.0,8.0,C18,C20,33.5,39.7
412,D413,9.0,5.0,C97,C105,34.5,36.1
413,D414,18.0,9.0,C19,C20,8.2,10.4
414,D415,24.0,12.0,C18,C18,36.5,36.5
415,D416,17.0,8.0,C99,C19,58.2,62.1
416,D417,10.0,5.0,C119,C119,11.5,11.5
417,D418,21.0,9.0,C20,C20,63.5,63.5
418,D419,11.0,6.0,C97,C97,16.6,16.6
419,D420,22.0,11.0,C18,C18,36.8,36.8
420,D421,21.0,11.0,C140,C135,43.4,100.4
421,D422,28.0,13.0,C26,C97,13.9,75.2
422,D423,17.0,8.0,C97,C97,51.9,51.9
423,D424,28.0,11.0,C99,C20,28.1,49.3
424,D425,13.0,6.0,C19,C20,12.3,17.4
425,D426,8.0,4.0,C99,C19,65.7,63.2
426,D427,17.0,8.0,C19,C20,37.3,42.0
427,D428,8.0,4.0,C97,C105,26.3,27.1
428,D429,22.0,8.0,C112,C97,31.2,88.9
429,D430,17.0,7.0,C140,C18,53.6,108.0
430,D431,28.0,12.0,C119,C119,4.2,4.2
431,D432,16.0,9.0,C99,C20,67.4,92.4
432,D433,16.0,6.0,C44,C20,26.5,54.8
433,D434,8.0,4.0,C107,C105,43.0,65.7
434,D435,8.0,4.0,C97,C105,32.7,37.2
435,D436,9.0,4.0,C20,C20,34.4,34.4
436,D437,24.0,13.0,C99,C20,65.0,89.2
437,D438,19.0,12.0,C49,C18,73.9,84.4
438,D439,9.0,5.0,C97,C18,81.3,84.8
439,D440,150.0,63.0,C107,C105,49.9,72.3
440,D441,22.0,13.0,C99,C20,33.6,46.2
441,D442,17.0,9.0,C99,C19,72.6,74.1
442,D443,23.0,12.0,C18,C18,41.7,41.7
443,D444,9.0,4.0,C140,C135,50.2,109.0
444,D445,25.0,12.0,C44,C119,35.7,28.7
445,D446,9.0,6.0,C102,C105,13.5,13.5
446,D447,11.0,5.0,C20,C20,31.3,31.3
447,D448,17.0,9.0,C44,C20,24.8,56.1
448,D449,25.0,9.0,C97,C97,17.2,17.2
449,D450,24.0,13.0,C99,C20,21.4,47.5
450,D451,229.0,104.0,C102,C19,47.8,43.9
451,D452,14.0,5.0,C26,C97,52.0,119.5
452,D453,30.0,11.0,C99,C20,37.0,62.3
453,D454,22.0,8.0,C99,C19,64.8,66.1
454,D455,7.0,3.0,C44,C19,54.5,70.7
455,D456,30.0,14.0,C26,C97,19.2,87.7
456,D457,264.0,100.0,C140,C18,87.2,136.0
457,D458,23.0,11.0,C99,C19,60.7,62.5
458,D459,19.0,10.0,C99,C19,63.4,67.4
459,D460,19.0,10.0,C112,C18,22.7,90.9
460,D461,8.0,5.0,C97,C105,14.0,12.3
461,D462,22.0,9.0,C107,C105,28.1,50.3
462,D463,23.0,9.0,C112,C97,62.5,121.6
463,D464,18.0,9.0,C99,C20,58.4,68.1
464,D465,241.0,109.0,C102,C19,49.6,44.4
465,D466,23.0,9.0,C26,C97,58.3,120.5
466,D467,14.0,6.0,C26,C97,34.1,89.1
467,D468,17.0,9.0,C26,C97,12.1,83.1
468,D469,19.0,7.0,C140,C135,43.1,101.1
469,D470,25.0,12.0,C26,C97,12.1,93.1
470,D471,16.0,8.0,C99,C20,21.3,34.2
471,D472,20.0,9.0,C18,C18,61.9,61.9
472,D473,21.0,7.0,C26,C97,48.9,100.8
473,D474,7.0,4.0,C119,C119,12.6,12.6
474,D475,14.0,6.0,C99,C146,111.8,133.4
475,D476,23.0,9.0,C44,C38,44.7,58.9
476,D477,22.0,8.0,C112,C97,36.9,97.9
477,D478,19.0,7.0,C18,C20,50.4,57.0
478,D479,19.0,10.0,C99,C20,22.8,42.3
479,D480,27.0,10.0,C112,C97,34.4,95.2
480,D481,21.0,5.0,C34,C35,38.6,31.8
481,D482,176.0,36.0,C127,C121,2.3,38.9
482,D483,21.0,5.0,C33,C121,50.8,53.1
483,D484,12.0,3.0,C33,C120,30.7,26.8
484,D485,14.0,3.0,C116,C121,58.6,70.3
485,D486,23.0,5.0,C115,C4,39.1,61.6
486,D487,26.0,6.0,C117,C35,15.2,29.3
487,D488,12.0,3.0,C72,C72,16.6,16.6
488,D489,26.0,8.0,C34,C35,5.5,7.2
489,D490,16.0,5.0,C34,C35,11.9,5.4
490,D491,20.0,4.0,C54,C121,77.5,67.6
491,D492,19.0,5.0,C38,C38,29.0,29.0
492,D493,22.0,6.0,C38,C38,24.4,24.4
493,D494,149.0,37.0,C126,C121,35.5,40.1
494,D495,9.0,2.0,C44,C38,14.3,46.7
495,D496,11.0,2.0,C33,C120,29.2,27.1
496,D497,21.0,4.0,C33,C121,3.2,5.1
497,D498,33.0,8.0,C115,C120,9.2,68.6
498,D499,23.0,5.0,C117,C35,2.2,16.8
499,D500,8.0,2.0,C34,C35,16.9,9.2
500,D501,32.0,10.0,C34,C35,18.6,10.8
501,D502,244.0,50.0,C116,C121,19.9,31.8
502,D503,20.0,5.0,C72,C72,22.8,22.8
503,D504,141.0,38.0,C117,C121,9.8,27.9
504,D505,32.0,7.0,C126,C120,34.5,49.7
505,D506,11.0,3.0,C38,C38,19.2,19.2
506,D507,23.0,5.0,C115,C4,29.2,64.1
507,D508,24.0,5.0,C115,C120,15.5,64.1
508,D509,9.0,2.0,C44,C38,22.2,31.9
509,D510,16.0,3.0,C126,C121,3.1,9.4
510,D511,18.0,4.0,C44,C38,25.5,30.2
511,D512,30.0,7.0,C126,C5,56.9,64.0
512,D513,12.0,3.0,C35,C35,8.7,8.7
513,D514,21.0,5.0,C118,C35,41.6,27.9
514,D515,39.0,10.0,C54,C129,68.7,120.9
515,D516,37.0,6.0,C72,C72,23.4,23.4
516,D517,11.0,2.0,C38,C38,27.7,27.7
517,D518,26.0,6.0,C34,C35,23.4,16.5
518,D519,29.0,8.0,C44,C20,9.2,68.0
519,D520,32.0,8.0,C126,C4,59.3,55.0
520,D521,31.0,8.0,C44,C20,17.1,61.1
521,D522,12.0,3.0,C117,C35,25.1,39.7
522,D523,173.0,29.0,C34,C35,22.9,15.7
523,D524,23.0,5.0,C117,C35,4.3,12.1
524,D525,30.0,8.0,C34,C35,23.6,17.4
525,D526,9.0,2.0,C38,C38,24.9,24.9
526,D527,19.0,4.0,C33,C121,38.8,41.1
527,D528,12.0,3.0,C44,C38,16.5,38.4
528,D529,17.0,2.0,C49,C50,70.7,81.4
529,D530,160.0,44.0,C52,C52,12.3,12.3
530,D531,173.0,26.0,C52,C52,7.7,7.7
531,D532,32.0,5.0,C142,C50,24.3,56.8
532,D533,8.0,3.0,C50,C50,41.6,41.6
533,D534,13.0,3.0,C49,C135,46.4,52.2
534,D535,35.0,9.0,C49,C50,54.8,63.5
535,D536,26.0,5.0,C142,C50,14.7,63.1
536,D537,23.0,3.0,C54,C52,46.8,112.1
537,D538,23.0,4.0,C54,C129,35.5,96.3
538,D539,18.0,4.0,C54,C50,59.6,68.6
539,D540,7.0,1.0,C50,C50,63.1,63.1
540,D541,22.0,5.0,C142,C50,18.4,59.4
541,D542,26.0,4.0,C141,C129,26.7,68.7
542,D543,232.0,35.0,C51,C51,8.4,8.4
543,D544,214.0,50.0,C61,C135,27.4,77.3
544,D545,34.0,9.0,C49,C50,60.1,69.6
545,D546,23.0,4.0,C129,C129,9.8,9.8
546,D547,15.0,4.0,C54,C129,26.2,71.4
547,D548,159.0,24.0,C135,C51,22.5,11.6
548,D549,30.0,4.0,C141,C129,27.1,62.4
549,D550,14.0,3.0,C142,C50,12.7,63.1
550,D551,26.0,7.0,C49,C50,56.6,62.9
551,D552,12.0,2.0,C54,C50,65.3,72.3
552,D553,19.0,3.0,C141,C129,24.8,72.9
553,D554,29.0,5.0,C141,C129,22.9,68.7
554,D555,15.0,3.0,C142,C50,13.5,64.0
555,D556,19.0,4.0,C54,C50,68.1,73.7
556,D557,14.0,3.0,C49,C135,36.9,40.7
557,D558,16.0,3.0,C54,C129,31.0,66.0
558,D559,11.0,2.0,C141,C129,35.2,50.8
559,D560,13.0,3.0,C49,C135,31.9,38.6
560,D561,8.0,2.0,C141,C129,8.1,55.8
561,D562,24.0,5.0,C135,C50,43.0,36.5
562,D563,12.0,2.0,C141,C51,42.5,63.2
563,D564,15.0,2.0,C54,C135,21.1,80.8
564,D565,15.0,3.0,C54,C50,56.5,70.2
565,D566,17.0,3.0,C54,C50,66.4,64.5
566,D567,23.0,4.0,C141,C129,2.8,50.7
567,D568,9.0,3.0,C50,C50,50.8,50.8
568,D569,25.0,5.0,C142,C50,1.9,75.9
569,D570,23.0,5.0,C142,C50,14.6,61.3
570,D571,15.0,3.0,C65,C69,19.9,24.0
571,D572,135.0,47.0,C79,C155,25.6,48.7
572,D573,29.0,9.0,C72,C72,27.1,27.1
573,D574,13.0,3.0,C160,C76,54.8,109.8
574,D575,6.0,2.0,C159,C38,44.4,67.0
575,D576,23.0,7.0,C159,C76,63.3,44.8
576,D577,9.0,1.0,C65,C76,45.6,45.1
577,D578,13.0,3.0,C65,C76,26.1,14.6
578,D579,20.0,6.0,C65,C69,19.5,30.8
579,D580,8.0,2.0,C159,C69,43.6,59.4
580,D581,18.0,5.0,C79,C76,21.0,51.6
581,D582,16.0,5.0,C65,C69,20.4,29.8
582,D583,158.0,54.0,C160,C146,24.3,61.7
583,D584,13.0,2.0,C69,C69,48.2,48.2
584,D585,14.0,4.0,C160,C69,37.7,70.1
585,D586,166.0,57.0,C160,C146,18.3,67.1
586,D587,199.0,68.0,C78,C69,23.0,50.8
587,D588,10.0,2.0,C69,C69,38.9,38.9
588,D589,30.0,8.0,C65,C146,67.8,73.0
589,D590,28.0,5.0,C69,C76,22.5,47.5
590,D591,22.0,7.0,C159,C146,26.1,34.9
591,D592,9.0,1.0,C65,C76,47.6,48.3
592,D593,21.0,6.0,C38,C38,28.7,28.7
593,D594,12.0,3.0,C69,C76,50.8,71.5
594,D595,23.0,6.0,C69,C69,41.2,41.2
595,D596,24.0,5.0,C160,C146,61.9,84.1
596,D597,40.0,9.0,C159,C76,61.1,48.0
597,D598,24.0,5.0,C159,C76,55.8,39.7
598,D599,28.0,7.0,C159,C119,68.5,54.5
599,D600,25.0,5.0,C69,C76,32.6,56.9
