j,name,cold,f,K,h_amb,h_cold,volume,util
0,C1,0,1121.0,1060.0,1060.0,0.0,1060.0,1.0
1,C2,1,1492.0,1070.0,284.0,314.0,1069.0,0.9990654205607477
2,C3,1,2382.0,1680.0,569.0,444.0,1679.0,0.9994047619047619
3,C4,1,2792.0,1620.0,485.0,454.0,1620.0,1.0
4,C5,1,3876.0,2230.0,742.0,595.0,2229.5,0.9997757847533633
17,C18,1,1157.0,980.0,290.0,276.0,980.0,1.0
18,C19,1,1717.0,1350.0,104.0,498.0,1349.0,0.9992592592592593
19,C20,1,2113.0,1420.0,180.0,383.0,1137.5,0.801056338028169
25,C26,0,800.0,290.0,290.0,0.0,290.0,1.0
32,C33,0,558.0,560.0,557.0,0.0,557.0,0.9946428571428572
33,C34,0,759.0,590.0,589.0,0.0,589.0,0.9983050847457627
34,C35,1,1032.0,700.0,53.0,258.0,698.0,0.9971428571428571
37,C38,1,1240.0,620.0,213.0,101.0,465.5,0.7508064516129033
43,C44,0,771.0,370.0,367.0,0.0,367.0,0.9918918918918919
48,C49,0,393.0,410.0,404.0,0.0,404.0,0.9853658536585366
49,C50,1,618.0,560.0,49.0,204.0,559.0,0.9982142857142857
50,C51,1,792.0,590.0,431.0,63.0,588.5,0.997457627118644
51,C52,1,1017.0,670.0,349.0,127.0,666.5,0.994776119402985
53,C54,0,1002.0,500.0,459.0,0.0,459.0,0.918
60,C61,0,868.0,490.0,489.0,0.0,489.0,0.9979591836734694
64,C65,0,326.0,260.0,225.0,0.0,225.0,0.8653846153846154
68,C69,1,1191.0,610.0,250.0,143.0,607.5,0.9959016393442623
69,C70,1,1097.0,640.0,242.0,158.0,637.0,0.9953125
71,C72,1,1222.0,620.0,285.0,119.0,582.5,0.9395161290322581
73,C74,0,320.0,120.0,120.0,0.0,120.0,1.0
75,C76,1,997.0,560.0,90.0,186.0,555.0,0.9910714285714286
77,C78,0,779.0,360.0,357.0,0.0,357.0,0.9916666666666667
78,C79,0,940.0,370.0,368.0,0.0,368.0,0.9945945945945946
79,C80,0,492.0,200.0,196.0,0.0,196.0,0.98
94,C95,1,2644.0,1534.0,436.0,438.0,1531.0,0.9980443285528031
96,C97,1,1426.0,1208.0,220.0,395.0,1207.5,0.9995860927152318
98,C99,0,784.0,829.0,828.0,0.0,828.0,0.9987937273823885
101,C102,0,664.0,703.0,703.0,0.0,703.0,1.0
104,C105,1,922.0,781.0,0.0,308.0,770.0,0.9859154929577465
106,C107,0,620.0,656.0,649.0,0.0,649.0,0.989329268292683
111,C112,0,1198.0,424.0,416.0,0.0,416.0,0.9811320754716981
114,C115,0,412.0,169.0,169.0,0.0,169.0,1.0
115,C116,0,519.0,521.0,521.0,0.0,521.0,1.0
116,C117,0,643.0,500.0,500.0,0.0,500.0,1.0
117,C118,0,509.0,510.0,507.0,0.0,507.0,0.9941176470588236
118,C119,1,1118.0,559.0,126.0,155.0,513.5,0.9186046511627907
119,C120,1,1656.0,1079.0,76.0,400.0,1076.0,0.9972196478220574
120,C121,1,1821.0,1187.0,0.0,470.0,1175.0,0.9898904802021904
125,C126,0,603.0,606.0,603.0,0.0,603.0,0.995049504950495
126,C127,0,783.0,351.0,348.0,0.0,348.0,0.9914529914529915
128,C129,1,949.0,625.0,254.0,148.0,624.0,0.9984
134,C135,1,593.0,537.0,203.0,133.0,535.5,0.9972067039106145
139,C140,0,711.0,401.0,400.0,0.0,400.0,0.9975062344139651
140,C141,0,714.0,422.0,403.0,0.0,403.0,0.9549763033175356
141,C142,0,531.0,226.0,222.0,0.0,222.0,0.9823008849557522
145,C146,1,1089.0,558.0,0.0,222.0,555.0,0.9946236559139785
154,C155,1,1480.0,751.0,246.0,202.0,751.0,1.0
158,C159,0,370.0,295.0,281.0,0.0,281.0,0.9525423728813559
159,C160,0,973.0,450.0,449.0,0.0,449.0,0.9977777777777778
