i,name,region,x,y,h0,h1
0,D1,R1,44.8,22.1,122,71
1,D2,R1,40.9,33.2,167,77
2,D3,R1,43.7,18.2,134,62
3,D4,R1,30.5,32.7,161,111
4,D5,R1,34.9,18.2,165,101
5,D6,R1,32.8,19.4,141,66
6,D7,R1,32.2,26.5,160,112
7,D8,R1,40.8,38.1,167,82
8,D9,R1,38.8,20.1,18,11
9,D10,R1,39.3,39.5,6,4
10,D11,R1,35.2,32.1,12,6
11,D12,R1,46.8,21.2,15,9
12,D13,R1,37.6,24,23,16
13,D14,R1,37,32.2,17,11
14,D15,R1,44.8,37.1,24,11
15,D16,R1,40.7,16.7,22,13
16,D17,R1,42.8,34.3,17,9
17,D18,R1,38.9,21.5,24,11
18,D19,R1,32.5,37.4,22,9
19,D20,R1,36.5,36.6,26,14
20,D21,R1,34.2,21.4,9,5
21,D22,R1,42,32.7,12,6
22,D23,R1,28.7,21.9,13,7
23,D24,R1,40,29.1,23,12
24,D25,R1,36.8,37.2,23,16
25,D26,R1,31.1,17.4,16,9
26,D27,R1,37.9,38.6,18,8
27,D28,R1,44.8,16.7,14,7
28,D29,R1,41.8,24.9,9,7
29,D30,R1,45.2,27.6,8,5
30,D31,R1,32.7,30.2,12,8
31,D32,R1,44.2,19.2,19,10
32,D33,R1,40.6,36,15,7
33,D34,R1,42,25.2,10,5
34,D35,R1,28.9,16.3,15,8
35,D36,R1,29.7,23.2,21,14
36,D37,R1,31.1,24.2,23,14
37,D38,R1,31.1,18.6,12,6
38,D39,R1,35,36.4,23,12
39,D40,R1,46.3,17.9,25,12
40,D41,R1,43.7,23.2,24,16
41,D42,R1,30.3,37.2,7,3
42,D43,R1,32.4,35.8,23,11
43,D44,R1,36,35.6,18,9
44,D45,R1,28.2,33.1,15,7
45,D46,R1,36,31.9,26,12
46,D47,R1,40.3,21.9,9,5
47,D48,R1,46.2,39.6,12,8
48,D49,R1,45.2,35.5,8,4
49,D50,R1,43.1,29.6,21,12
50,D51,R1,42.2,39.7,9,5
51,D52,R1,30.8,27,22,10
52,D53,R1,35.8,29,20,10
53,D54,R1,28.8,22.4,14,6
54,D55,R1,40.5,30.5,11,8
55,D56,R1,38.6,33.6,18,12
56,D57,R1,45.3,30.2,14,7
57,D58,R1,45.8,17.4,24,14
58,D59,R1,40,26.3,20,14
59,D60,R1,31.1,37.3,12,6
60,D61,R1,32.4,37.5,15,8
61,D62,R1,35.1,35.1,17,13
62,D63,R1,35,38.9,18,12
63,D64,R1,39.1,26.5,11,7
64,D65,R1,45.3,35.9,13,7
65,D66,R1,33.2,22.9,21,12
66,D67,R1,38.2,32.6,15,10
67,D68,R1,30.2,32.6,11,7
68,D69,R1,46.3,19.1,26,11
69,D70,R1,34.3,16.2,7,4
70,D71,R1,31.5,27.6,25,12
71,D72,R1,41.1,37,10,6
72,D73,R1,46.1,18.1,14,6
73,D74,R1,46.9,24.5,19,11
74,D75,R1,36.2,17.6,12,6
75,D76,R1,43.4,22.2,14,8
76,D77,R1,35.2,32.3,21,12
77,D78,R1,28.7,25.6,12,6
78,D79,R1,46.7,32.5,24,16
79,D80,R1,36.3,19.8,17,8
80,D81,R1,44.5,35.9,20,13
81,D82,R1,31.6,16.6,25,14
82,D83,R1,30.1,27.6,12,7
83,D84,R1,38,31.1,16,10
84,D85,R1,41.4,25,20,14
85,D86,R1,31.6,33.5,11,7
86,D87,R1,29.9,19.4,13,9
87,D88,R1,37.6,18.9,16,10
88,D89,R1,36.7,39.7,8,4
89,D90,R1,43.9,27.5,21,12
90,D91,R1,46.8,22.3,18,10
91,D92,R1,42.7,31.2,9,5
92,D93,R1,44.9,22.3,12,8
93,D94,R1,35.3,19.9,25,14
94,D95,R1,37.3,17.3,21,13
95,D96,R1,41.6,19.9,19,9
96,D97,R1,28.1,16.6,16,11
97,D98,R1,44.9,39.3,8,5
98,D99,R1,29.7,18.6,20,9
99,D100,R1,30.8,24.7,20,12
100,D101,R1,30.8,19.6,10,7
101,D102,R1,46.9,18.5,23,12
102,D103,R2,64.1,85.2,207,78
103,D104,R2,78.9,54.8,201,84
104,D105,R2,65.6,51.6,199,90
105,D106,R2,67.3,70.6,133,69
106,D107,R2,69.5,41.1,187,69
107,D108,R2,72.4,48.2,174,85
108,D109,R2,78.7,40.2,17,8
109,D110,R2,59.7,67,20,8
110,D111,R2,56.1,70.2,8,3
111,D112,R2,78.2,54.8,18,9
112,D113,R2,71.5,76.8,26,12
113,D114,R2,54.2,59.7,21,9
114,D115,R2,62.9,60.4,13,5
115,D116,R2,66.8,46.5,7,3
116,D117,R2,57.6,41.5,8,4
117,D118,R2,67.4,85.5,18,7
118,D119,R2,69.2,44.1,16,9
119,D120,R2,60.6,68.2,17,6
120,D121,R2,76.4,47.9,22,12
121,D122,R2,68.4,78.8,27,10
122,D123,R2,68.3,54.8,18,9
123,D124,R2,66.8,60.6,7,4
124,D125,R2,59.4,52,17,7
125,D126,R2,65,79.2,21,8
126,D127,R2,58.8,80.2,19,8
127,D128,R2,70.3,53.8,23,14
128,D129,R2,64.4,67.1,15,6
129,D130,R2,66.6,51.7,20,8
130,D131,R2,71.9,45.6,25,12
131,D132,R2,55.9,84.1,11,5
132,D133,R2,68.8,64.9,9,5
133,D134,R2,55,85.6,17,9
134,D135,R2,55.3,64.7,20,9
135,D136,R2,63.2,52.8,21,11
136,D137,R2,73.1,52.5,24,9
137,D138,R2,68.8,72.9,26,12
138,D139,R2,71.9,54.6,19,10
139,D140,R2,60.8,59.2,7,3
140,D141,R2,65.2,81.5,25,9
141,D142,R2,61.9,78.6,25,13
142,D143,R2,66.4,71.4,13,8
143,D144,R2,77.2,56.1,20,8
144,D145,R2,68.7,71.1,21,10
145,D146,R2,62.9,68.6,25,13
146,D147,R2,78.3,62.1,10,4
147,D148,R2,56,61.5,19,8
148,D149,R2,78.5,65.3,26,12
149,D150,R2,74.6,45.2,15,7
150,D151,R2,57.3,61.9,20,11
151,D152,R2,57.3,80.6,20,7
152,D153,R2,68.8,60.7,8,5
153,D154,R2,65.3,78,11,6
154,D155,R2,68,46.7,23,12
155,D156,R2,66.7,47.3,18,9
156,D157,R2,69.1,78.1,15,6
157,D158,R2,65.6,46.3,22,8
158,D159,R2,57.1,40.1,15,8
159,D160,R2,71.3,78.9,22,11
160,D161,R2,60.5,52.3,16,8
161,D162,R2,70,47.3,25,9
162,D163,R2,61.9,55.5,11,5
163,D164,R2,56.9,41.9,24,10
164,D165,R2,75.8,54.7,21,9
165,D166,R2,56.8,85.4,24,14
166,D167,R2,78.9,49.6,19,8
167,D168,R2,72.1,63.2,22,13
168,D169,R2,68.4,58.9,17,8
169,D170,R2,72.1,64.3,10,6
170,D171,R2,62.6,80.9,14,7
171,D172,R2,56.4,72.1,20,12
172,D173,R2,60.8,43.1,24,12
173,D174,R2,74.5,81.5,10,4
174,D175,R2,77,56,9,4
175,D176,R2,71.3,64.8,8,4
176,D177,R2,65.8,56.2,18,8
177,D178,R2,57.4,46.5,16,7
178,D179,R2,54.8,42.9,15,8
179,D180,R2,69.7,63.4,23,8
180,D181,R3,35.1,48.5,172,43
181,D182,R3,41.7,46.6,184,50
182,D183,R3,47.2,43.3,159,27
183,D184,R3,36,47.3,194,40
184,D185,R3,46.8,54.5,34,7
185,D186,R3,42.2,46.4,26,8
186,D187,R3,48,35.1,11,3
187,D188,R3,38.5,41.7,20,4
188,D189,R3,50.4,34.8,15,4
189,D190,R3,56.3,50.9,25,6
190,D191,R3,48.8,39.2,20,5
191,D192,R3,32.6,43,23,5
192,D193,R3,52.7,35.7,18,5
193,D194,R3,46.5,42,25,6
194,D195,R3,56.8,44.4,20,4
195,D196,R3,28.7,37.3,30,7
196,D197,R3,55.7,47.5,12,3
197,D198,R3,33,36.1,17,4
198,D199,R3,52.2,43.9,13,3
199,D200,R3,27,34.4,25,6
200,D201,R3,52.3,43.4,10,2
201,D202,R3,47.3,35.2,15,3
202,D203,R3,27.8,45,17,5
203,D204,R3,47.4,45.2,30,9
204,D205,R3,38,50.2,19,4
205,D206,R3,34.6,42.2,9,3
206,D207,R3,57.5,50,31,8
207,D208,R3,39.5,47.4,10,2
208,D209,R3,47.3,44.9,11,3
209,D210,R3,43.9,47.6,17,5
210,D211,R3,27.6,46.5,11,2
211,D212,R3,49.3,36.6,29,5
212,D213,R3,50.8,37.6,22,6
213,D214,R3,44.4,38.6,18,5
214,D215,R3,41.1,41.3,8,2
215,D216,R3,42.4,48.4,23,5
216,D217,R3,30.7,50.1,25,5
217,D218,R3,39.3,38.3,9,2
218,D219,R3,47.5,54.2,18,4
219,D220,R3,38.8,46.6,28,5
220,D221,R3,42.9,47.1,25,5
221,D222,R3,48.3,47,26,7
222,D223,R3,31,39.5,33,7
223,D224,R3,35,50,11,3
224,D225,R3,27.7,52.6,32,8
225,D226,R3,33.6,41.3,18,5
226,D227,R3,53.9,37,10,2
227,D228,R3,41.6,50.2,14,4
228,D229,R4,49.3,84.2,247,58
229,D230,R4,41.2,71.3,199,30
230,D231,R4,40.9,71,149,41
231,D232,R4,39,72.3,16,3
232,D233,R4,28.3,80.1,26,4
233,D234,R4,26.5,79.5,17,4
234,D235,R4,27.2,82.1,21,4
235,D236,R4,26.1,76.7,15,3
236,D237,R4,49.2,61.5,31,6
237,D238,R4,39.1,58.5,27,4
238,D239,R4,32.3,58.1,13,2
239,D240,R4,48.2,86.4,13,2
240,D241,R4,46.1,57.1,27,7
241,D242,R4,44.4,63.1,11,3
242,D243,R4,38.5,83.6,26,6
243,D244,R4,44.2,86.4,12,2
244,D245,R4,46.9,67.7,16,4
245,D246,R4,31.9,80.6,9,3
246,D247,R4,31.1,62.6,17,3
247,D248,R4,36,85.7,9,2
248,D249,R4,48,65.6,14,2
249,D250,R4,48.2,85.7,16,2
250,D251,R4,36.3,74.6,20,5
251,D252,R4,27.9,62.1,31,5
252,D253,R4,34.8,67.9,32,7
253,D254,R4,25.9,58.5,30,6
254,D255,R4,47.9,61.2,25,4
255,D256,R4,31.6,60.6,15,4
256,D257,R4,41.3,62.1,29,5
257,D258,R4,45.4,86.7,33,7
258,D259,R4,38.9,87.3,28,6
259,D260,R4,44.7,85.6,31,8
260,D261,R4,42.5,71.7,30,5
261,D262,R4,26.2,78.3,18,3
262,D263,R4,46.5,59.6,31,6
263,D264,R4,38.9,61.4,32,6
264,D265,R4,28.1,82.5,18,4
265,D266,R4,26.8,58.5,20,3
266,D267,R4,40.2,67.7,34,6
267,D268,R4,33,77.8,16,2
268,D269,R4,47.4,71.8,13,3
269,D270,R4,26.2,69.1,19,3
270,D271,R5,47.7,21.5,177,62
271,D272,R5,72.4,23.3,158,54
272,D273,R5,53.2,15.1,12,2
273,D274,R5,69,16.2,13,3
274,D275,R5,76.5,18,27,6
275,D276,R5,53.3,24.2,19,4
276,D277,R5,67.3,36.7,30,7
277,D278,R5,63.3,32.4,8,2
278,D279,R5,55,23.9,27,6
279,D280,R5,60.4,15.4,11,2
280,D281,R5,59.3,36.1,9,2
281,D282,R5,74.7,34.1,9,3
282,D283,R5,75.1,20,11,3
283,D284,R5,52.1,36.7,23,7
284,D285,R5,63.4,17,8,1
285,D286,R5,56.6,25.1,19,6
286,D287,R5,71,21,29,8
287,D288,R5,60.3,24.9,23,6
288,D289,R5,76,24.2,24,6
289,D290,R5,63,16.8,9,3
290,D291,R5,66.2,27.7,14,5
291,D292,R5,53.3,28,15,4
292,D293,R5,67.7,19.6,25,9
293,D294,R5,49.1,24,31,7
294,D295,R5,48.5,33.5,22,6
295,D296,R5,57.3,22.1,13,3
296,D297,R5,66.9,18.3,33,6
297,D298,R5,70.2,22.1,23,6
298,D299,R5,58.9,16.8,19,6
299,D300,R5,48.5,22.1,25,7
300,D301,R1,48.4,33.4,19,12
301,D302,R1,45.4,16.6,21,10
302,D303,R1,47.1,39.8,12,8
303,D304,R1,37.2,33.9,12,8
304,D305,R1,29.9,34.3,13,8
305,D306,R1,33.1,21,111,52
306,D307,R1,32.4,18.6,14,7
307,D308,R1,46.5,22.2,122,71
308,D309,R1,47.3,17.6,27,14
309,D310,R1,32.3,15.8,15,9
310,D311,R1,44.6,35.2,11,6
311,D312,R1,35.3,30.6,18,11
312,D313,R1,28.9,23.4,15,10
313,D314,R1,44,31.9,14,7
314,D315,R1,43.4,20.6,107,63
315,D316,R1,46.7,37.3,10,5
316,D317,R1,42.2,15.5,22,13
317,D318,R1,41.7,25.2,24,17
318,D319,R1,28,18.8,21,9
319,D320,R1,40,26.3,14,9
320,D321,R1,41.8,30.7,18,10
321,D322,R1,32.4,38,9,5
322,D323,R1,31.3,23.6,18,11
323,D324,R1,41.2,34.3,148,68
324,D325,R1,29,21.8,26,17
325,D326,R1,37,19.1,11,6
326,D327,R1,47.7,25.4,19,11
327,D328,R1,35.5,20.7,14,6
328,D329,R1,44.8,22.4,31,21
329,D330,R1,43.8,29.9,25,14
330,D331,R1,32.7,30.8,14,9
331,D332,R1,39,40.7,5,3
332,D333,R1,31.8,36,25,10
333,D334,R1,47.1,17.9,17,7
334,D335,R1,47.9,17.8,25,10
335,D336,R1,37,32.1,19,9
336,D337,R1,43.6,23,95,56
337,D338,R1,47.1,20.2,28,12
338,D339,R1,37.7,33.2,22,14
339,D340,R1,30.3,22.8,16,10
340,D341,R1,27,16.8,17,12
341,D342,R1,35.7,32.7,27,13
342,D343,R1,47.2,22.4,17,10
343,D344,R1,41.6,32.8,199,92
344,D345,R1,32.7,17.2,7,4
345,D346,R1,29.5,31.2,199,138
346,D347,R1,35.8,18.5,21,12
347,D348,R1,45.6,26.3,18,10
348,D349,R1,30.8,37.3,22,10
349,D350,R1,37.3,19.7,14,7
350,D351,R1,41.4,39.8,11,6
351,D352,R1,45,16.4,13,7
352,D353,R1,46.3,37.6,9,6
353,D354,R1,34.7,33.5,9,5
354,D355,R1,41.4,30.9,21,12
355,D356,R1,44.8,23.9,22,15
356,D357,R1,36.5,38.1,21,15
357,D358,R1,29.9,25.8,15,7
358,D359,R1,31.6,23.2,16,9
359,D360,R1,42.5,18,96,44
360,D361,R1,45.3,22.3,19,12
361,D362,R1,46,19.3,31,13
362,D363,R1,37.9,36.7,26,14
363,D364,R1,40.3,29.5,8,6
364,D365,R1,46.4,17,15,7
365,D366,R1,35.8,40.3,13,9
366,D367,R1,45.3,23.6,9,6
367,D368,R1,45.7,17.2,13,6
368,D369,R1,39.7,29.9,27,14
369,D370,R1,45.3,35.2,16,9
370,D371,R1,36,37.4,19,13
371,D372,R1,43,35.4,17,11
372,D373,R1,29.4,33.5,123,85
373,D374,R1,43.6,35,10,5
374,D375,R1,40.9,38.4,9,5
375,D376,R1,39.3,16.5,16,9
376,D377,R1,40.1,36.4,8,5
377,D378,R1,45.1,18.3,27,13
378,D379,R1,43,35.1,21,14
379,D380,R1,43,30.2,16,9
380,D381,R1,35.2,20.6,18,9
381,D382,R1,38.2,25.1,28,20
382,D383,R1,35.8,33.9,15,12
383,D384,R1,42.2,26.6,26,15
384,D385,R1,39.4,17.3,17,11
385,D386,R1,31.4,19.1,14,9
386,D387,R1,38.9,22.8,17,12
387,D388,R1,47.4,17.1,26,15
388,D389,R1,43.5,22.8,12,7
389,D390,R1,30.6,36.5,17,9
390,D391,R1,32.4,18.1,28,16
391,D392,R1,41.9,20.6,24,11
392,D393,R1,39.3,38.8,4,3
393,D394,R1,30.8,28.5,23,11
394,D395,R1,28.5,20.1,11,8
395,D396,R1,28.5,25.3,15,8
396,D397,R1,28.2,21.2,9,5
397,D398,R1,43.3,28.5,25,14
398,D399,R1,48,17.2,31,15
399,D400,R1,41.3,32.7,17,9
400,D401,R1,34.8,36.2,17,9
401,D402,R1,42.2,36.5,8,5
402,D403,R2,57.8,78.9,22,9
403,D404,R2,72,65.9,8,4
404,D405,R2,64.9,54,27,14
405,D406,R2,76.5,54.5,23,10
406,D407,R2,78,56.9,26,10
407,D408,R2,56.2,71.5,7,3
408,D409,R2,77.1,65.2,22,10
409,D410,R2,66.6,61.6,7,4
410,D411,R2,64.6,69.6,31,16
411,D412,R2,60.8,65.5,19,8
412,D413,R2,73,64.3,9,5
413,D414,R2,67.4,59,18,9
414,D415,R2,61.9,67.3,24,12
415,D416,R2,68,47.9,17,8
416,D417,R2,58,41.5,10,5
417,D418,R2,54.3,62.1,21,9
418,D419,R2,69.4,64.2,11,6
419,D420,R2,63.1,68,22,11
420,D421,R2,54,86.2,21,11
421,D422,R2,70.7,75.8,28,13
422,D423,R2,69.7,71.6,17,8
423,D424,R2,71.5,53,28,11
424,D425,R2,66.8,57.1,13,6
425,D426,R2,65.4,47.5,8,4
426,D427,R2,62.3,53.3,17,8
427,D428,R2,71.7,63.2,8,4
428,D429,R2,65.5,78.8,22,8
429,D430,R2,58.9,80.5,17,7
430,D431,R2,57.2,40.4,28,12
431,D432,R2,76.9,47.1,16,9
432,D433,R2,61.2,51.2,16,6
433,D434,R2,78.3,55.6,8,4
434,D435,R2,71.7,66.1,8,4
435,D436,R2,60,57.8,9,4
436,D437,R2,76.1,47.2,24,13
437,D438,R2,54.9,73,19,12
438,D439,R2,65.7,77.4,9,5
439,D440,R2,79,54.3,150,63
440,D441,R2,69.2,52.3,22,13
441,D442,R2,66.8,45.5,17,9
442,D443,R2,61.7,68.3,23,12
443,D444,R2,56.7,85.1,9,4
444,D445,R2,60.1,43.9,25,12
445,D446,R2,69.7,61.5,9,6
446,D447,R2,62,55.9,11,5
447,D448,R2,60.9,51.1,17,9
448,D449,R2,69.2,64.6,25,9
449,D450,R2,72.6,54.5,24,13
450,D451,R2,65.2,51.1,229,104
451,D452,R2,68,84.5,14,5
452,D453,R2,73.9,51.9,30,11
453,D454,R2,66.9,47,22,8
454,D455,R2,66.1,46.1,7,3
455,D456,R2,70.2,78.3,30,14
456,D457,R2,63.6,86.8,264,100
457,D458,R2,67.2,47.7,23,11
458,D459,R2,68,46.9,19,10
459,D460,R2,62.4,78.2,19,10
460,D461,R2,69.4,61.7,8,5
461,D462,R2,75.4,56.2,22,9
462,D463,R2,66.2,84.9,23,9
463,D464,R2,68.2,47.8,18,9
464,D465,R2,64.5,51.1,241,109
465,D466,R2,66.3,84.7,23,9
466,D467,R2,67.4,78.9,14,6
467,D468,R2,71.1,77.2,17,9
468,D469,R2,56.8,81.6,19,7
469,D470,R2,72.8,78.6,25,12
470,D471,R2,69.2,54.8,16,8
471,D472,R2,54.7,64.9,20,9
472,D473,R2,65.4,81,21,7
473,D474,R2,58.9,40.3,7,4
474,D475,R2,80.5,39.7,14,6
475,D476,R2,64.1,46,23,9
476,D477,R2,64.7,80.4,22,8
477,D478,R2,59,68.2,19,7
478,D479,R2,70.7,54,19,10
479,D480,R2,64.7,79.9,27,10
480,D481,R3,48.4,40.9,21,5
481,D482,R3,35.2,48.3,176,36
482,D483,R3,32.8,35.5,21,5
483,D484,R3,38.3,36.7,12,3
484,D485,R3,27.5,47.4,14,3
485,D486,R3,25.7,34,23,5
486,D487,R3,41.9,50.1,26,6
487,D488,R3,47,34.5,12,3
488,D489,R3,43.4,44.8,26,8
489,D490,R3,45.4,46,16,5
490,D491,R3,30.7,51.4,20,4
491,D492,R3,50.2,37.6,19,5
492,D493,R3,54,35.6,22,6
493,D494,R3,34.4,47.9,149,37
494,D495,R3,54.1,48.6,9,2
495,D496,R3,37.8,37.1,11,2
496,D497,R3,38.7,42.3,21,4
497,D498,R3,28.9,38.9,33,8
498,D499,R3,42.3,47.5,23,5
499,D500,R3,46.1,44.6,8,2
500,D501,R3,46.6,45.3,32,10
501,D502,R3,35.8,47.1,244,50
502,D503,R3,51.1,34,20,5
503,D504,R3,40.9,47.6,141,38
504,D505,R3,32.3,40.4,32,7
505,D506,R3,52.2,42.2,11,3
506,D507,R3,26.2,35.8,23,5
507,D508,R3,29.9,38,24,5
508,D509,R3,54.6,45.9,9,2
509,D510,R3,37.9,42.2,16,3
510,D511,R3,57.7,44.9,18,4
511,D512,R3,29.7,36.5,30,7
512,D513,R3,46,44.6,12,3
513,D514,R3,48,41.5,21,5
514,D515,R3,26.3,52.6,39,10
515,D516,R3,49.1,35.6,37,6
516,D517,R3,50.7,42.8,11,2
517,D518,R3,46.5,43,26,6
518,D519,R3,57.2,51.1,29,8
519,D520,R3,29.1,36.6,32,8
520,D521,R3,57.6,52.5,31,8
521,D522,R3,40.5,51.5,12,3
522,D523,R3,46.7,43.4,173,29
523,D524,R3,42.7,46.6,23,5
524,D525,R3,47.4,47,30,8
525,D526,R3,52,43.5,9,2
526,D527,R3,33.7,37.8,19,4
527,D528,R3,54.7,47.1,12,3
528,D529,R4,49,87,17,2
529,D530,R4,40.8,71.6,160,44
530,D531,R4,39.6,71.4,173,26
531,D532,R4,29.1,79.6,32,5
532,D533,R4,32.5,80.1,8,3
533,D534,R4,48.2,70.7,13,3
534,D535,R4,45.4,85.6,35,9
535,D536,R4,28.6,81.3,26,5
536,D537,R4,25,56.9,23,3
537,D538,R4,26.1,58.8,23,4
538,D539,R4,26.2,76.3,18,4
539,D540,R4,37.5,87.4,7,1
540,D541,R4,29.1,80.8,22,5
541,D542,R4,47.3,61.1,26,4
542,D543,R4,41.6,71.9,232,35
543,D544,R4,50.6,83.6,214,50
544,D545,R4,46.5,86.2,34,9
545,D546,R4,41,71.1,23,4
546,D547,R4,30,61.4,15,4
547,D548,R4,41.8,71.3,159,24
548,D549,R4,38,59.4,30,4
549,D550,R4,29,82,14,3
550,D551,R4,43.5,86.5,26,7
551,D552,R4,25.6,77.3,12,2
552,D553,R4,40.8,57.5,19,3
553,D554,R4,46.4,60.4,29,5
554,D555,R4,28.5,81.5,15,3
555,D556,R4,25.4,77.8,19,4
556,D557,R4,45.9,70.9,14,3
557,D558,R4,31.4,61.5,16,3
558,D559,R4,47.3,66.1,11,2
559,D560,R4,46.2,72.5,13,3
560,D561,R4,43.9,61.7,8,2
561,D562,R4,36.7,82.2,24,5
562,D563,R4,49.4,65.4,12,2
563,D564,R4,25.6,68.9,15,2
564,D565,R4,25.9,75.7,15,3
565,D566,R4,27.1,77.6,17,3
566,D567,R4,41.9,61.9,23,4
567,D568,R4,32.1,82.3,9,3
568,D569,R4,27.2,83.6,25,5
569,D570,R4,29.2,81.7,23,5
570,D571,R5,57.8,22,15,3
571,D572,R5,46,21.6,135,47
572,D573,R5,51.3,35,29,9
573,D574,R5,76.6,18.3,13,3
574,D575,R5,64.8,32.4,6,2
575,D576,R5,48.6,22.7,23,7
576,D577,R5,64.2,16.9,9,1
577,D578,R5,56.2,22.3,13,3
578,D579,R5,56.9,24.7,20,6
579,D580,R5,62,33.6,8,2
580,D581,R5,47,21.8,18,5
581,D582,R5,56.8,23.7,16,5
582,D583,R5,73,23,158,54
583,D584,R5,59.8,14,13,2
584,D585,R5,75.1,21.1,14,4
585,D586,R5,74,24.6,166,57
586,D587,R5,71.6,22.3,199,68
587,D588,R5,67.3,17.5,10,2
588,D589,R5,48.2,22,30,8
589,D590,R5,65.1,19.6,28,5
590,D591,R5,55.2,24.7,22,7
591,D592,R5,64.8,16.8,9,1
592,D593,R5,50.3,37.5,21,6
593,D594,R5,69.1,16.2,12,3
594,D595,R5,69.7,21.2,23,6
595,D596,R5,75.3,16.4,24,5
596,D597,R5,48.7,24.2,40,9
597,D598,R5,49.9,23.2,24,5
598,D599,R5,66.2,36.8,28,7
599,D600,R5,66.8,18.7,25,5
