j,name,region,x,y,f,K,a1
0,C1,R1,38.2,27.8,1121,1060,0
1,C2,R1,38,24.5,1492,1070,1
2,C3,R1,38.6,25.8,2382,1680,1
3,C4,R1,36,29.1,2792,1620,1
4,C5,R1,38.8,28.9,3876,2230,1
5,C6,R1,36.5,22.4,1871,490,0
6,C7,R1,40.4,18,533,120,0
7,C8,R1,36.8,21.6,817,240,0
8,C9,R1,28.2,18.1,1949,550,0
9,C10,R1,41.1,34.3,1809,530,0
10,C11,R1,40.2,16.2,1039,290,0
11,C12,R1,43.6,35.5,1056,290,0
12,C13,R1,41.2,23.5,674,130,0
13,C14,R1,44.9,29.1,1018,290,0
14,C15,R1,46.2,16.3,1610,450,0
15,C16,R1,36.7,24.2,1022,320,0
16,C17,R2,70.5,60,822,870,0
17,C18,R2,65.7,61.7,1157,980,1
18,C19,R2,65.9,59.2,1717,1350,1
19,C20,R2,65.9,60.2,2113,1420,1
20,C21,R2,66.4,60.5,2495,1450,1
21,C22,R2,78.6,46.9,535,120,0
22,C23,R2,69.4,66.2,537,180,0
23,C24,R2,63.3,72.9,1273,450,0
24,C25,R2,72.3,43.8,719,210,0
25,C26,R2,73.2,76.4,800,290,0
26,C27,R2,54,43.3,686,250,0
27,C28,R2,53.5,67.8,700,190,0
28,C29,R2,66.9,43.2,686,210,0
29,C30,R2,63.2,61.8,845,290,0
30,C31,R2,75.3,63,1416,540,0
31,C32,R2,58.7,49.6,1191,460,0
32,C33,R3,39.3,42.3,558,560,0
33,C34,R3,43.2,45.8,759,590,0
34,C35,R3,44.6,45.4,1032,700,1
35,C36,R3,40.4,41.8,1473,960,1
36,C37,R3,39,43.6,1784,1030,1
37,C38,R3,55,40,1240,620,1
38,C39,R3,34.1,46.8,647,290,0
39,C40,R3,53,39.5,1324,600,0
40,C41,R3,44.6,43.7,1168,550,0
41,C42,R3,45,40.4,1296,510,0
42,C43,R3,45.9,45.1,949,390,0
43,C44,R3,56.6,49.5,771,370,0
44,C45,R3,44.6,48.1,401,140,0
45,C46,R3,28,41.7,415,170,0
46,C47,R3,53.8,38.1,522,150,0
47,C48,R3,31.6,46.5,1461,560,0
48,C49,R4,41.6,76.2,393,410,0
49,C50,R4,38.9,75.8,618,560,1
50,C51,R4,40.5,73,792,590,1
51,C52,R4,38.7,72.5,1017,670,1
52,C53,R4,43,72.8,1267,760,1
53,C54,R4,27.1,65.3,1002,500,0
54,C55,R4,31.9,76.5,1055,470,0
55,C56,R4,43.5,60.3,385,140,0
56,C57,R4,31.6,75.4,951,450,0
57,C58,R4,31.7,85.7,754,340,0
58,C59,R4,39.9,81.4,848,420,0
59,C60,R4,27.2,85.5,587,250,0
60,C61,R4,47.6,79.5,868,490,0
61,C62,R4,43.6,59.9,529,220,0
62,C63,R4,42.4,86.5,976,430,0
63,C64,R4,41.3,63.2,896,530,0
64,C65,R5,60.5,24.5,326,260,0
65,C66,R5,59.5,25.4,489,330,0
66,C67,R5,59.8,23.5,686,410,0
67,C68,R5,61.9,25,873,450,0
68,C69,R5,62.2,22.6,1191,610,1
69,C70,R5,48.8,17.4,1097,640,1
70,C71,R5,53.2,32.4,1178,560,0
71,C72,R5,47.7,31.5,1222,620,1
72,C73,R5,61.9,16.4,378,120,0
73,C74,R5,47.2,19.8,320,120,0
74,C75,R5,71.4,22.7,693,260,0
75,C76,R5,56.3,19.6,997,560,1
76,C77,R5,55.6,15.6,411,160,0
77,C78,R5,70.9,26.5,779,360,0
78,C79,R5,50.5,20.1,940,370,0
79,C80,R5,72,37,492,200,0
80,C81,R1,36.5,23.8,2240,587,0
81,C82,R1,41.8,35.6,1519,445,0
82,C83,R1,41,33.3,1779,521,0
83,C84,R1,35.5,23.7,824,258,0
84,C85,R1,44.6,28.1,1137,324,0
85,C86,R1,37.7,22.4,832,244,0
86,C87,R1,38.2,29,3608,2076,1
87,C88,R1,39,15.1,1151,321,0
88,C89,R1,42.4,35.9,1286,353,0
89,C90,R1,38.3,22.4,723,212,0
90,C91,R1,41.7,16,968,270,0
91,C92,R1,36.1,24,1586,415,0
92,C93,R1,45.9,15.1,1687,471,0
93,C94,R1,37,23.1,834,261,0
94,C95,R1,36.9,28.3,2644,1534,1
95,C96,R1,43.4,29.6,836,238,0
96,C97,R2,66.9,62.4,1426,1208,1
97,C98,R2,70.3,66,651,218,0
98,C99,R2,71.2,58.2,784,829,0
99,C100,R2,77,48.2,409,92,0
100,C101,R2,62.1,62.8,653,224,0
101,C102,R2,69,59.1,664,703,0
102,C103,R2,79.4,46.7,580,130,0
103,C104,R2,52.2,69.3,688,187,0
104,C105,R2,67.3,60.8,922,781,1
105,C106,R2,69.2,64.7,424,142,0
106,C107,R2,71.3,59.4,620,656,0
107,C108,R2,72.4,42.1,782,228,0
108,C109,R2,68.5,42.4,571,175,0
109,C110,R2,55.3,66.3,815,221,0
110,C111,R2,63.6,63.1,719,247,0
111,C112,R2,62.3,74,1198,424,0
112,C113,R3,27.3,41.5,355,146,0
113,C114,R3,32.9,47.1,773,346,0
114,C115,R3,28.7,40.6,412,169,0
115,C116,R3,37.8,44,519,521,0
116,C117,R3,42.7,47.4,643,500,0
117,C118,R3,40.3,41.3,509,510,0
118,C119,R3,56.6,39.9,1118,559,1
119,C120,R3,41.5,40.5,1656,1079,1
120,C121,R3,39.6,42.6,1821,1187,1
121,C122,R3,30.5,47.8,1447,555,0
122,C123,R3,52.4,39.2,542,156,0
123,C124,R3,56.7,49.8,878,422,0
124,C125,R3,47.3,43.9,959,394,0
125,C126,R3,38.3,42.6,603,606,0
126,C127,R3,35.5,48,783,351,0
127,C128,R3,30.1,45.9,1683,645,0
128,C129,R4,39.2,70.9,949,625,1
129,C130,R4,31.2,84.9,870,392,0
130,C131,R4,41.9,63.8,917,542,0
131,C132,R4,45.3,59.7,549,228,0
132,C133,R4,44.9,61.7,513,213,0
133,C134,R4,32.5,75.5,897,400,0
134,C135,R4,39.4,74.7,593,537,1
135,C136,R4,44.9,59.7,414,151,0
136,C137,R4,39.7,63.9,884,523,0
137,C138,R4,33.2,74.8,1227,547,0
138,C139,R4,44.9,60.6,410,149,0
139,C140,R4,49,79.9,711,401,0
140,C141,R4,42.4,61.8,714,422,0
141,C142,R4,27.5,83.8,531,226,0
142,C143,R4,44.6,58.7,398,145,0
143,C144,R4,41.1,63.5,816,483,0
144,C145,R5,60.9,24.2,795,410,0
145,C146,R5,61.6,23.8,1089,558,1
146,C147,R5,58.6,26.9,419,283,0
147,C148,R5,70,22.8,782,293,0
148,C149,R5,60.4,25.2,369,294,0
149,C150,R5,51,19.8,1151,453,0
150,C151,R5,60.9,15.5,289,92,0
151,C152,R5,56.4,13.8,336,131,0
152,C153,R5,59.4,21.8,543,325,0
153,C154,R5,61.2,15.5,452,144,0
154,C155,R5,46.7,30.6,1480,751,1
155,C156,R5,59.2,24.4,560,378,0
156,C157,R5,60.6,25,526,314,0
157,C158,R5,54.4,34,1213,577,0
158,C159,R5,59.9,25.8,370,295,0
159,C160,R5,72.1,27.4,973,450,0
